{
    "rmse": 0.0854357657716761,
    "mae": 0.0072992700729927005,
    "r2": 0.9682412416511604,
    "acc": 0.9927007299270073
}